{"cameraMode":{"drawMode":0,"name":"Shaded","section":"Shading Mode"},"sceneLighting":false,"audioPlay":false,"sceneViewState":{"m_AlwaysRefresh":false,"showFog":true,"showSkybox":false,"showFlares":true,"showImageEffects":true,"showParticleSystems":true,"showVisualEffectGraphs":true,"m_FxEnabled":true},"in2DMode":false,"pivot":{"x":-0.00005817413330078125,"y":-0.006008654832839966,"z":-0.00005817413330078125},"rotation":{"x":-0.3092270493507385,"y":-0.02341509237885475,"z":0.005013175308704376,"w":-0.9509450197219849},"size":26.435585021972658,"orthographic":true}